{"rd_train_loss": 0.1304595023393631, "ra_train_loss": 0.1312132626771927, "train_loss": 0.2622135877609253, "test_metrics": {"range_doppler": {"loss": 0.13542009890079498, "loss_ce": 0.2499847561120987, "loss_dice": 0.020855415612459183, "acc": 0.9986011481033944, "acc_by_class": [0.9975063117696472, 0.9988447247272249, 0.9994768821806156, 0.9985766737360898], "prec": 0.7296358169097229, "prec_by_class": [0.9988602475023514, 0.7653886633588934, 0.45281569965870305, 0.7014786571189435], "recall": 0.7798672799257989, "recall_by_class": [0.9986335629441289, 0.677851902155821, 0.671899727796417, 0.7710839268068287], "miou": 0.6275322689646601, "miou_by_class": [0.9974969213482799, 0.5612383272879619, 0.3708206686930091, 0.5805731585293892], "dice": 0.7483421668582481, "dice_by_class": [0.99874688736065, 0.7189655974871636, 0.5410199508438189, 0.7346362317413601]}, "range_angle": {"loss": 0.13043509423732758, "loss_ce": 0.24999620020389557, "loss_dice": 0.010873973369598389, "acc": 0.9992774443081001, "acc_by_class": [0.9986417491605438, 0.999408278660077, 0.9997796515332815, 0.999280097878498], "prec": 0.5888337912612758, "prec_by_class": [0.99915071466988, 0.5062050385486229, 0.2163831015947759, 0.6335963102318243], "recall": 0.533713780530506, "recall_by_class": [0.9994892575764269, 0.4283514218153156, 0.2766670453254572, 0.4303473974048243], "miou": 0.4458861693226852, "miou_by_class": [0.9986408391888447, 0.3021133566535241, 0.13820007944163876, 0.34459040200673313], "dice": 0.5546883059602122, "dice_by_class": [0.9993199524508313, 0.4640354111676934, 0.24283968897010275, 0.5125581712522215]}, "coherence_loss": 0.002283648820593953, "global_acc": 0.9989392962057473, "global_prec": 0.6592348040854994, "global_dice": 0.6515152364092301}}