{"ra_train_loss": 0.022335221990942955, "train_loss": 0.022335221990942955, "test_metrics": {"range_angle": {"loss": 1.0144283771514893, "loss_ce": 0.24999620020389557, "loss_dice": 2.7905378341674805, "acc": 0.9993115980223964, "acc_by_class": [0.998694513102384, 0.9994644268580232, 0.9998204544882958, 0.9992669976408827], "prec": 0.6158668145604955, "prec_by_class": [0.9992143729342066, 0.5724310861297163, 0.2981752443364782, 0.5936465548415811], "recall": 0.5598847289922237, "recall_by_class": [0.9994783430052472, 0.412478020978597, 0.2997841644893786, 0.527798387495672], "miou": 0.4693766229907509, "miou_by_class": [0.9986935350597363, 0.31532742509641054, 0.1757634286856039, 0.3877221031212529], "dice": 0.584144793478689, "dice_by_class": [0.9993463355382836, 0.47946604910440255, 0.29897753486465234, 0.5587892544074172]}, "coherence_loss": 0.002751054707914591, "global_acc": 0.9993115980223964, "global_prec": 0.6158668145604955, "global_dice": 0.584144793478689}}